pickup_zone,pickup_hour,trip_count
1,0,9
1,1,5
1,2,13
1,3,32
1,4,70
1,5,101
1,6,110
1,7,116
1,8,91
1,9,118
1,10,125
1,11,134
1,12,179
1,13,284
1,14,353
1,15,375
1,16,318
1,17,308
1,18,242
1,19,202
1,20,131
1,21,56
1,22,24
1,23,15
2,0,5
2,1,1
2,2,1
2,4,3
2,6,3
2,7,2
2,8,1
2,9,4
2,10,6
2,11,3
2,12,4
2,13,1
2,14,1
2,15,3
2,16,1
2,17,2
2,18,3
2,19,7
2,20,1
2,21,4
2,22,2
2,23,1
3,0,34
3,1,10
3,2,10
3,3,16
3,4,65
3,5,133
3,6,197
3,7,246
3,8,162
3,9,137
3,10,122
3,11,83
3,12,91
3,13,128
3,14,109
3,15,93
3,16,67
3,17,65
3,18,64
3,19,77
3,20,47
3,21,74
3,22,55
3,23,86
4,0,7953
4,1,8574
4,2,7056
4,3,4311
4,4,2171
4,5,1604
4,6,3023
4,7,4461
4,8,4812
4,9,5207
4,10,3874
4,11,3236
4,12,2964
4,13,2979
4,14,3342
4,15,3103
4,16,2878
4,17,3468
4,18,4463
4,19,4507
4,20,4035
4,21,4076
4,22,5193
4,23,6710
5,1,1
5,3,4
5,4,1
5,8,1
5,11,1
5,13,1
5,15,1
5,16,2
5,18,1
5,20,1
5,21,1
6,0,18
6,1,8
6,2,4
6,3,1
6,4,11
6,5,15
6,6,18
6,7,43
6,8,49
6,9,16
6,10,23
6,11,13
6,12,10
6,13,32
6,14,20
6,15,53
6,16,58
6,17,24
6,18,17
6,19,9
6,20,7
6,21,14
6,22,21
6,23,28
7,0,2480
7,1,1562
7,2,1151
7,3,1164
7,4,1987
7,5,1201
7,6,2322
7,7,3142
7,8,3449
7,9,2315
7,10,2132
7,11,1947
7,12,1979
7,13,2082
7,14,2171
7,15,1954
7,16,1836
7,17,2231
7,18,2503
7,19,2303
7,20,2028
7,21,2103
7,22,2547
7,23,2684
8,0,13
8,1,6
8,2,5
8,3,2
8,4,2
8,5,3
8,6,8
8,7,8
8,8,5
8,9,9
8,10,9
8,11,7
8,12,12
8,13,19
8,14,16
8,15,18
8,16,24
8,17,13
8,18,15
8,19,20
8,20,22
8,21,21
8,22,19
8,23,16
9,0,31
9,1,23
9,2,7
9,3,9
9,4,18
9,5,22
9,6,45
9,7,90
9,8,64
9,9,53
9,10,67
9,11,80
9,12,63
9,13,49
9,14,62
9,15,45
9,16,29
9,17,30
9,18,45
9,19,24
9,20,13
9,21,25
9,22,27
9,23,35
10,0,268
10,1,180
10,2,97
10,3,95
10,4,129
10,5,344
10,6,754
10,7,920
10,8,802
10,9,589
10,10,454
10,11,427
10,12,425
10,13,540
10,14,679
10,15,687
10,16,935
10,17,575
10,18,489
10,19,486
10,20,434
10,21,362
10,22,406
10,23,437
11,0,26
11,1,18
11,2,13
11,3,8
11,4,22
11,5,137
11,6,74
11,7,130
11,8,133
11,9,120
11,10,88
11,11,103
11,12,95
11,13,118
11,14,124
11,15,57
11,16,70
11,17,50
11,18,54
11,19,39
11,20,29
11,21,27
11,22,19
11,23,24
12,0,54
12,1,28
12,2,11
12,3,3
12,4,14
12,5,7
12,6,13
12,7,54
12,8,121
12,9,145
12,10,200
12,11,387
12,12,705
12,13,844
12,14,919
12,15,965
12,16,968
12,17,681
12,18,483
12,19,288
12,20,209
12,21,131
12,22,117
12,23,86
13,0,1534
13,1,585
13,2,266
13,3,206
13,4,355
13,5,903
13,6,2220
13,7,4904
13,8,7667
13,9,6606
13,10,6177
13,11,7338
13,12,8176
13,13,8901
13,14,9367
13,15,9683
13,16,12009
13,17,16742
13,18,17096
13,19,13684
13,20,11502
13,21,9797
13,22,5705
13,23,2938
14,0,236
14,1,140
14,2,92
14,3,200
14,4,180
14,5,139
14,6,469
14,7,779
14,8,614
14,9,483
14,10,496
14,11,626
14,12,622
14,13,585
14,14,548
14,15,544
14,16,381
14,17,422
14,18,397
14,19,323
14,20,284
14,21,234
14,22,296
14,23,293
15,0,22
15,1,16
15,2,2
15,3,4
15,4,21
15,5,39
15,6,24
15,7,68
15,8,58
15,9,54
15,10,62
15,11,54
15,12,87
15,13,53
15,14,53
15,15,45
15,16,43
15,17,36
15,18,41
15,19,25
15,20,36
15,21,32
15,22,25
15,23,24
16,0,82
16,1,71
16,2,54
16,3,43
16,4,29
16,5,45
16,6,104
16,7,99
16,8,105
16,9,68
16,10,66
16,11,64
16,12,83
16,13,78
16,14,101
16,15,100
16,16,76
16,17,54
16,18,52
16,19,40
16,20,59
16,21,61
16,22,73
16,23,87
17,0,808
17,1,474
17,2,294
17,3,260
17,4,531
17,5,796
17,6,1353
17,7,1546
17,8,1803
17,9,1531
17,10,1183
17,11,1019
17,12,1077
17,13,1177
17,14,1320
17,15,1073
17,16,848
17,17,927
17,18,1128
17,19,1039
17,20,838
17,21,765
17,22,958
17,23,1035
18,0,78
18,1,39
18,2,13
18,3,30
18,4,168
18,5,239
18,6,354
18,7,508
18,8,470
18,9,322
18,10,241
18,11,231
18,12,214
18,13,311
18,14,320
18,15,239
18,16,184
18,17,196
18,18,161
18,19,138
18,20,141
18,21,119
18,22,104
18,23,119
19,0,70
19,1,34
19,2,17
19,3,20
19,4,27
19,5,102
19,6,188
19,7,164
19,8,129
19,9,123
19,10,88
19,11,103
19,12,89
19,13,98
19,14,139
19,15,119
19,16,110
19,17,80
19,18,83
19,19,41
19,20,48
19,21,53
19,22,72
19,23,125
20,0,70
20,1,32
20,2,20
20,3,16
20,4,41
20,5,113
20,6,137
20,7,217
20,8,192
20,9,160
20,10,124
20,11,114
20,12,128
20,13,139
20,14,145
20,15,154
20,16,173
20,17,127
20,18,83
20,19,81
20,20,79
20,21,83
20,22,76
20,23,88
21,0,37
21,1,42
21,2,23
21,3,37
21,4,39
21,5,62
21,6,134
21,7,271
21,8,276
21,9,280
21,10,202
21,11,208
21,12,172
21,13,223
21,14,224
21,15,138
21,16,141
21,17,144
21,18,114
21,19,79
21,20,60
21,21,48
21,22,62
21,23,61
22,0,46
22,1,39
22,2,18
22,3,32
22,4,54
22,5,118
22,6,218
22,7,348
22,8,341
22,9,273
22,10,279
22,11,258
22,12,289
22,13,304
22,14,273
22,15,199
22,16,122
22,17,136
22,18,157
22,19,102
22,20,85
22,21,76
22,22,74
22,23,62
23,0,4
23,1,1
23,2,5
23,3,9
23,4,6
23,5,3
23,6,5
23,7,9
23,8,5
23,9,9
23,10,16
23,11,10
23,12,10
23,13,3
23,14,11
23,15,9
23,16,14
23,17,14
23,18,16
23,19,7
23,20,8
23,21,9
23,22,8
23,23,14
24,0,1571
24,1,897
24,2,633
24,3,424
24,4,588
24,5,1068
24,6,2289
24,7,4209
24,8,5232
24,9,5059
24,10,4683
24,11,4204
24,12,4576
24,13,4466
24,14,4849
24,15,4516
24,16,4299
24,17,5312
24,18,5298
24,19,4355
24,20,3647
24,21,3302
24,22,2971
24,23,2465
25,0,1607
25,1,1089
25,2,808
25,3,667
25,4,512
25,5,379
25,6,758
25,7,935
25,8,1256
25,9,945
25,10,810
25,11,987
25,12,1124
25,13,1109
25,14,1201
25,15,1218
25,16,1289
25,17,1628
25,18,1680
25,19,1440
25,20,1355
25,21,1404
25,22,2043
25,23,1924
26,0,103
26,1,40
26,2,39
26,3,25
26,4,66
26,5,63
26,6,127
26,7,311
26,8,390
26,9,417
26,10,367
26,11,386
26,12,430
26,13,428
26,14,429
26,15,442
26,16,319
26,17,304
26,18,268
26,19,277
26,20,158
26,21,139
26,22,131
26,23,156
27,0,2
27,1,5
27,2,5
27,4,1
27,5,5
27,6,3
27,8,3
27,9,2
27,10,3
27,11,4
27,12,1
27,13,3
27,14,4
27,15,10
27,16,16
27,17,17
27,18,14
27,19,11
27,20,14
27,21,11
27,22,6
27,23,7
28,0,207
28,1,125
28,2,72
28,3,84
28,4,175
28,5,253
28,6,496
28,7,454
28,8,359
28,9,277
28,10,182
28,11,199
28,12,279
28,13,302
28,14,364
28,15,304
28,16,306
28,17,292
28,18,250
28,19,203
28,20,159
28,21,138
28,22,233
28,23,297
29,0,55
29,1,30
29,2,18
29,3,10
29,4,24
29,5,47
29,6,101
29,7,205
29,8,221
29,9,184
29,10,249
29,11,258
29,12,279
29,13,203
29,14,260
29,15,295
29,16,216
29,17,155
29,18,115
29,19,87
29,20,67
29,21,56
29,22,66
29,23,81
30,0,8
30,1,10
30,2,3
30,3,2
30,4,2
30,5,4
30,6,3
30,8,9
30,9,2
30,10,4
30,11,5
30,12,7
30,13,5
30,14,4
30,15,11
30,16,8
30,17,5
30,18,3
30,19,6
30,20,7
30,21,4
30,22,4
30,23,6
31,0,15
31,1,5
31,2,4
31,3,2
31,4,5
31,5,28
31,6,32
31,7,21
31,8,37
31,9,33
31,10,18
31,11,23
31,12,26
31,13,48
31,14,66
31,15,52
31,16,55
31,17,56
31,18,14
31,19,13
31,20,14
31,21,19
31,22,16
31,23,22
32,0,44
32,1,23
32,2,13
32,3,20
32,4,85
32,5,167
32,6,297
32,7,299
32,8,303
32,9,180
32,10,177
32,11,158
32,12,180
32,13,123
32,14,151
32,15,125
32,16,149
32,17,123
32,18,71
32,19,59
32,20,77
32,21,106
32,22,102
32,23,74
33,0,1086
33,1,464
33,2,208
33,3,122
33,4,190
33,5,209
33,6,630
33,7,1421
33,8,1825
33,9,1350
33,10,1080
33,11,1200
33,12,1459
33,13,1476
33,14,1623
33,15,1682
33,16,1772
33,17,2284
33,18,2506
33,19,2083
33,20,1843
33,21,2063
33,22,2206
33,23,1884
34,0,85
34,1,59
34,2,166
34,3,564
34,4,594
34,5,457
34,6,67
34,7,36
34,8,56
34,9,56
34,10,37
34,11,66
34,12,82
34,13,120
34,14,160
34,15,201
34,16,211
34,17,324
34,18,347
34,19,249
34,20,136
34,21,129
34,22,144
34,23,112
35,0,170
35,1,73
35,2,49
35,3,102
35,4,293
35,5,703
35,6,966
35,7,1390
35,8,1680
35,9,1493
35,10,1167
35,11,996
35,12,1003
35,13,974
35,14,926
35,15,707
35,16,661
35,17,610
35,18,517
35,19,433
35,20,322
35,21,308
35,22,314
35,23,303
36,0,1554
36,1,1784
36,2,2077
36,3,2055
36,4,1906
36,5,898
36,6,687
36,7,697
36,8,660
36,9,555
36,10,434
36,11,442
36,12,470
36,13,523
36,14,581
36,15,510
36,16,480
36,17,539
36,18,662
36,19,629
36,20,569
36,21,678
36,22,1116
36,23,1445
37,0,1819
37,1,1807
37,2,2135
37,3,2422
37,4,2403
37,5,2058
37,6,2086
37,7,1911
37,8,1890
37,9,1761
37,10,1352
37,11,1268
37,12,1218
37,13,1291
37,14,1330
37,15,1227
37,16,992
37,17,1165
37,18,1229
37,19,1214
37,20,1033
37,21,1129
37,22,1573
37,23,1808
38,0,20
38,1,21
38,2,12
38,3,20
38,4,77
38,5,174
38,6,303
38,7,237
38,8,235
38,9,117
38,10,117
38,11,103
38,12,76
38,13,105
38,14,109
38,15,81
38,16,60
38,17,69
38,18,67
38,19,44
38,20,41
38,21,27
38,22,54
38,23,62
39,0,175
39,1,82
39,2,60
39,3,101
39,4,253
39,5,1209
39,6,1421
39,7,1967
39,8,2058
39,9,1845
39,10,1326
39,11,1086
39,12,1042
39,13,1015
39,14,985
39,15,690
39,16,559
39,17,493
39,18,515
39,19,438
39,20,352
39,21,327
39,22,345
39,23,311
40,0,466
40,1,207
40,2,88
40,3,66
40,4,83
40,5,154
40,6,404
40,7,717
40,8,920
40,9,573
40,10,313
40,11,281
40,12,277
40,13,266
40,14,304
40,15,275
40,16,250
40,17,402
40,18,543
40,19,414
40,20,387
40,21,514
40,22,724
40,23,623
41,0,3019
41,1,1584
41,2,960
41,3,774
41,4,1589
41,5,2316
41,6,4526
41,7,7030
41,8,8295
41,9,6357
41,10,4993
41,11,5141
41,12,5921
41,13,6367
41,14,7267
41,15,7052
41,16,7129
41,17,8938
41,18,8510
41,19,6723
41,20,5737
41,21,5311
41,22,5402
41,23,4669
42,0,2297
42,1,1255
42,2,847
42,3,904
42,4,1667
42,5,2353
42,6,4615
42,7,6702
42,8,6907
42,9,4878
42,10,3691
42,11,3426
42,12,4015
42,13,4180
42,14,4759
42,15,4487
42,16,4857
42,17,5010
42,18,4778
42,19,3845
42,20,3307
42,21,3129
42,22,3361
42,23,3121
43,0,2548
43,1,1039
43,2,374
43,3,244
43,4,304
43,5,689
43,6,2011
43,7,6579
43,8,10064
43,9,12696
43,10,15570
43,11,19327
43,12,24001
43,13,25924
43,14,29100
43,15,31447
43,16,31213
43,17,27485
43,18,22754
43,19,18616
43,20,16350
43,21,13755
43,22,9912
43,23,5509
44,0,1
44,1,1
44,2,2
44,3,1
44,4,2
44,9,3
44,11,2
44,13,2
44,14,1
44,15,1
44,16,1
44,17,1
44,19,3
44,21,1
44,22,2
44,23,2
45,0,3345
45,1,2300
45,2,1592
45,3,982
45,4,616
45,5,389
45,6,535
45,7,807
45,8,1101
45,9,1710
45,10,1840
45,11,2243
45,12,2638
45,13,2767
45,14,3131
45,15,3559
45,16,3720
45,17,3606
45,18,3785
45,19,3960
45,20,4363
45,21,4300
45,22,4060
45,23,3861
46,0,13
46,1,1
46,2,3
46,3,4
46,4,6
46,5,1
46,6,8
46,7,6
46,8,20
46,9,19
46,10,18
46,11,18
46,12,14
46,13,24
46,14,27
46,15,29
46,16,35
46,17,37
46,18,28
46,19,26
46,20,32
46,21,28
46,22,28
46,23,27
47,0,64
47,1,40
47,2,25
47,3,23
47,4,121
47,5,189
47,6,351
47,7,563
47,8,445
47,9,294
47,10,184
47,11,179
47,12,214
47,13,216
47,14,272
47,15,269
47,16,284
47,17,188
47,18,137
47,19,99
47,20,92
47,21,91
47,22,93
47,23,111
48,0,26770
48,1,17650
48,2,12567
48,3,10136
48,4,8997
48,5,9521
48,6,14699
48,7,17670
48,8,21605
48,9,22804
48,10,22497
48,11,22521
48,12,23059
48,13,23075
48,14,23253
48,15,23358
48,16,27538
48,17,32661
48,18,37915
48,19,33276
48,20,34219
48,21,47121
48,22,50506
48,23,36986
49,0,860
49,1,416
49,2,221
49,3,187
49,4,393
49,5,490
49,6,814
49,7,1394
49,8,1677
49,9,1456
49,10,987
49,11,989
49,12,1138
49,13,1046
49,14,1104
49,15,1025
49,16,1005
49,17,1203
49,18,1321
49,19,1124
49,20,852
49,21,841
49,22,1082
49,23,1133
50,0,4817
50,1,2872
50,2,2082
50,3,1576
50,4,1763
50,5,1969
50,6,3399
50,7,6620
50,8,11036
50,9,10368
50,10,8678
50,11,9105
50,12,9725
50,13,9690
50,14,10094
50,15,9733
50,16,10329
50,17,11859
50,18,12218
50,19,10356
50,20,8202
50,21,8465
50,22,8550
50,23,7039
51,0,74
51,1,40
51,2,20
51,3,39
51,4,265
51,5,487
51,6,781
51,7,683
51,8,751
51,9,568
51,10,485
51,11,414
51,12,342
51,13,271
51,14,264
51,15,258
51,16,230
51,17,222
51,18,290
51,19,249
51,20,230
51,21,315
51,22,240
51,23,139
52,0,282
52,1,96
52,2,26
52,3,24
52,4,25
52,5,97
52,6,228
52,7,726
52,8,853
52,9,518
52,10,322
52,11,340
52,12,359
52,13,342
52,14,393
52,15,372
52,16,360
52,17,543
52,18,558
52,19,445
52,20,384
52,21,468
52,22,605
52,23,521
53,0,111
53,1,42
53,2,23
53,3,26
53,4,47
53,5,47
53,6,63
53,7,110
53,8,94
53,9,86
53,10,73
53,11,71
53,12,65
53,13,116
53,14,113
53,15,119
53,16,105
53,17,80
53,18,85
53,19,62
53,20,71
53,21,98
53,22,128
53,23,165
54,0,83
54,1,31
54,2,18
54,3,10
54,4,33
54,5,30
54,6,58
54,7,205
54,8,281
54,9,164
54,10,79
54,11,75
54,12,70
54,13,77
54,14,97
54,15,74
54,16,96
54,17,145
54,18,146
54,19,116
54,20,106
54,21,149
54,22,196
54,23,143
55,0,101
55,1,34
55,2,24
55,3,52
55,4,117
55,5,212
55,6,490
55,7,669
55,8,775
55,9,755
55,10,607
55,11,564
55,12,591
55,13,433
55,14,372
55,15,415
55,16,362
55,17,328
55,18,267
55,19,215
55,20,183
55,21,143
55,22,172
55,23,151
56,0,159
56,1,56
56,2,55
56,3,74
56,4,261
56,5,268
56,6,333
56,7,537
56,8,474
56,9,323
56,10,209
56,11,189
56,12,218
56,13,198
56,14,222
56,15,212
56,16,244
56,17,194
56,18,188
56,19,218
56,20,186
56,21,240
56,22,343
56,23,299
57,0,26
57,1,9
57,2,7
57,3,13
57,4,18
57,5,16
57,6,3
57,7,10
57,8,18
57,9,10
57,10,3
57,11,7
57,12,11
57,13,4
57,14,11
57,15,9
57,16,7
57,17,21
57,18,12
57,19,13
57,20,14
57,21,15
57,22,38
57,23,45
58,0,10
58,1,7
58,2,2
58,3,9
58,4,12
58,5,16
58,6,24
58,7,54
58,8,30
58,9,16
58,10,21
58,11,15
58,12,16
58,13,14
58,14,29
58,15,7
58,16,7
58,17,11
58,18,13
58,19,9
58,20,16
58,21,26
58,22,20
58,23,15
59,0,2
59,2,3
59,3,1
59,4,8
59,5,3
59,6,23
59,7,13
59,8,22
59,9,10
59,10,6
59,11,9
59,12,12
59,13,7
59,14,11
59,15,7
59,16,5
59,17,14
59,18,10
59,19,10
59,20,7
59,21,6
59,22,10
59,23,7
60,0,61
60,1,36
60,2,20
60,3,19
60,4,71
60,5,148
60,6,371
60,7,402
60,8,330
60,9,219
60,10,163
60,11,146
60,12,223
60,13,152
60,14,171
60,15,142
60,16,103
60,17,148
60,18,105
60,19,91
60,20,81
60,21,97
60,22,101
60,23,71
61,0,1154
61,1,604
61,2,372
61,3,343
61,4,892
61,5,1453
61,6,2390
61,7,3025
61,8,3370
61,9,3126
61,10,2275
61,11,1927
61,12,1975
61,13,2073
61,14,2009
61,15,1812
61,16,1393
61,17,1571
61,18,1636
61,19,1625
61,20,1244
61,21,1071
61,22,1385
61,23,1513
62,0,244
62,1,121
62,2,75
62,3,97
62,4,191
62,5,396
62,6,644
62,7,817
62,8,1066
62,9,1010
62,10,686
62,11,494
62,12,704
62,13,629
62,14,559
62,15,485
62,16,411
62,17,548
62,18,473
62,19,426
62,20,340
62,21,289
62,22,306
62,23,306
63,0,152
63,1,76
63,2,69
63,3,105
63,4,231
63,5,346
63,6,709
63,7,981
63,8,711
63,9,583
63,10,462
63,11,341
63,12,310
63,13,294
63,14,264
63,15,251
63,16,274
63,17,195
63,18,206
63,19,142
63,20,135
63,21,147
63,22,181
63,23,235
64,0,41
64,1,33
64,2,9
64,3,12
64,4,20
64,5,69
64,6,71
64,7,49
64,8,55
64,9,55
64,10,26
64,11,43
64,12,44
64,13,46
64,14,50
64,15,42
64,16,48
64,17,33
64,18,34
64,19,31
64,20,48
64,21,30
64,22,48
64,23,58
65,0,1199
65,1,644
65,2,318
65,3,221
65,4,296
65,5,335
65,6,632
65,7,1105
65,8,1455
65,9,1156
65,10,1009
65,11,1166
65,12,1390
65,13,1420
65,14,1614
65,15,1796
65,16,2040
65,17,2747
65,18,2551
65,19,1969
65,20,1481
65,21,1346
65,22,1650
65,23,1724
66,0,1061
66,1,496
66,2,245
66,3,134
66,4,170
66,5,161
66,6,388
66,7,876
66,8,1228
66,9,722
66,10,477
66,11,747
66,12,980
66,13,1300
66,14,1528
66,15,1741
66,16,1843
66,17,2515
66,18,2896
66,19,2394
66,20,2339
66,21,2655
66,22,2581
66,23,1989
67,0,31
67,1,28
67,2,18
67,3,9
67,4,24
67,5,82
67,6,125
67,7,248
67,8,166
67,9,157
67,10,106
67,11,109
67,12,136
67,13,120
67,14,132
67,15,115
67,16,85
67,17,115
67,18,86
67,19,91
67,20,85
67,21,38
67,22,55
67,23,49
68,0,20241
68,1,12368
68,2,8866
68,3,7022
68,4,4887
68,5,4246
68,6,6020
68,7,10780
68,8,19939
68,9,22789
68,10,26141
68,11,30897
68,12,31361
68,13,36585
68,14,37473
68,15,38110
68,16,39394
68,17,48351
68,18,51846
68,19,47703
68,20,42108
68,21,45460
68,22,41238
68,23,30600
69,0,177
69,1,88
69,2,42
69,3,79
69,4,149
69,5,281
69,6,778
69,7,866
69,8,890
69,9,678
69,10,573
69,11,499
69,12,485
69,13,523
69,14,486
69,15,465
69,16,489
69,17,529
69,18,367
69,19,239
69,20,219
69,21,192
69,22,256
69,23,239
70,0,2155
70,1,787
70,2,259
70,3,134
70,4,128
70,5,158
70,6,242
70,7,881
70,8,1679
70,9,2659
70,10,2985
70,11,3173
70,12,3245
70,13,3224
70,14,4414
70,15,4462
70,16,3781
70,17,3657
70,18,3335
70,19,3214
70,20,3460
70,21,3788
70,22,3265
70,23,3541
71,0,112
71,1,68
71,2,53
71,3,181
71,4,343
71,5,652
71,6,1092
71,7,1300
71,8,1319
71,9,1067
71,10,812
71,11,629
71,12,648
71,13,628
71,14,704
71,15,588
71,16,567
71,17,447
71,18,369
71,19,292
71,20,217
71,21,168
71,22,220
71,23,219
72,0,119
72,1,60
72,2,47
72,3,128
72,4,301
72,5,724
72,6,1220
72,7,1382
72,8,1400
72,9,1355
72,10,974
72,11,779
72,12,769
72,13,717
72,14,845
72,15,628
72,16,479
72,17,447
72,18,445
72,19,389
72,20,290
72,21,265
72,22,261
72,23,227
73,0,38
73,1,17
73,2,10
73,3,13
73,4,20
73,5,21
73,6,45
73,7,87
73,8,79
73,9,28
73,10,30
73,11,41
73,12,41
73,13,32
73,14,37
73,15,33
73,16,19
73,17,21
73,18,28
73,19,33
73,20,28
73,21,26
73,22,31
73,23,53
74,0,2430
74,1,1265
74,2,749
74,3,630
74,4,1313
74,5,2290
74,6,4205
74,7,6730
74,8,7051
74,9,5858
74,10,4740
74,11,4773
74,12,5195
74,13,5308
74,14,6371
74,15,6171
74,16,6338
74,17,6576
74,18,6645
74,19,5297
74,20,4794
74,21,4189
74,22,3954
74,23,3437
75,0,2705
75,1,1366
75,2,919
75,3,835
75,4,1661
75,5,3497
75,6,6073
75,7,11103
75,8,12108
75,9,11653
75,10,11249
75,11,12220
75,12,12663
75,13,12644
75,14,14304
75,15,15267
75,16,14477
75,17,15001
75,18,13195
75,19,10981
75,20,8269
75,21,6875
75,22,6014
75,23,4340
76,0,407
76,1,195
76,2,138
76,3,256
76,4,834
76,5,1246
76,6,1975
76,7,2573
76,8,2789
76,9,2419
76,10,2017
76,11,1613
76,12,1564
76,13,1484
76,14,1421
76,15,1285
76,16,960
76,17,1010
76,18,831
76,19,748
76,20,679
76,21,643
76,22,664
76,23,724
77,0,119
77,1,28
77,2,31
77,3,62
77,4,245
77,5,364
77,6,604
77,7,699
77,8,768
77,9,715
77,10,483
77,11,379
77,12,377
77,13,403
77,14,389
77,15,326
77,16,280
77,17,249
77,18,203
77,19,142
77,20,110
77,21,137
77,22,173
77,23,168
78,0,91
78,1,43
78,2,27
78,3,32
78,4,102
78,5,220
78,6,435
78,7,622
78,8,596
78,9,455
78,10,303
78,11,251
78,12,214
78,13,310
78,14,338
78,15,281
78,16,240
78,17,201
78,18,165
78,19,136
78,20,111
78,21,111
78,22,171
78,23,175
79,0,57326
79,1,51789
79,2,38092
79,3,26197
79,4,13992
79,5,5743
79,6,8936
79,7,12830
79,8,18113
79,9,20041
79,10,16071
79,11,15915
79,12,17440
79,13,18544
79,14,20074
79,15,20824
79,16,20525
79,17,25067
79,18,33158
79,19,36341
79,20,38886
79,21,47324
79,22,54205
79,23,57227
80,0,2648
80,1,2464
80,2,2598
80,3,2957
80,4,2366
80,5,935
80,6,823
80,7,942
80,8,1111
80,9,1065
80,10,750
80,11,695
80,12,695
80,13,778
80,14,868
80,15,817
80,16,760
80,17,854
80,18,1210
80,19,1245
80,20,1085
80,21,1311
80,22,2133
80,23,2497
81,0,34
81,1,21
81,2,22
81,3,31
81,4,147
81,5,175
81,6,320
81,7,418
81,8,451
81,9,258
81,10,212
81,11,173
81,12,174
81,13,152
81,14,140
81,15,153
81,16,122
81,17,115
81,18,91
81,19,103
81,20,98
81,21,86
81,22,137
81,23,84
82,0,580
82,1,429
82,2,361
82,3,510
82,4,952
82,5,427
82,6,548
82,7,627
82,8,563
82,9,375
82,10,283
82,11,320
82,12,374
82,13,432
82,14,483
82,15,553
82,16,591
82,17,659
82,18,835
82,19,808
82,20,775
82,21,891
82,22,946
82,23,793
83,0,184
83,1,133
83,2,94
83,3,167
83,4,266
83,5,147
83,6,263
83,7,338
83,8,314
83,9,200
83,10,212
83,11,214
83,12,226
83,13,272
83,14,257
83,15,239
83,16,230
83,17,248
83,18,275
83,19,246
83,20,193
83,21,141
83,22,217
83,23,232
84,1,2
84,3,1
84,5,1
84,6,2
84,9,1
84,10,2
84,14,1
84,16,3
84,17,1
84,18,4
84,19,2
84,20,1
84,21,1
84,23,2
85,0,124
85,1,83
85,2,35
85,3,74
85,4,197
85,5,308
85,6,581
85,7,810
85,8,789
85,9,571
85,10,484
85,11,370
85,12,397
85,13,490
85,14,500
85,15,359
85,16,339
85,17,347
85,18,367
85,19,356
85,20,300
85,21,218
85,22,265
85,23,214
86,0,57
86,1,37
86,2,28
86,3,21
86,4,166
86,5,390
86,6,319
86,7,474
86,8,542
86,9,477
86,10,372
86,11,324
86,12,294
86,13,327
86,14,291
86,15,306
86,16,208
86,17,232
86,18,145
86,19,123
86,20,88
86,21,68
86,22,81
86,23,81
87,0,8865
87,1,5630
87,2,2982
87,3,1451
87,4,1124
87,5,1473
87,6,2573
87,7,3558
87,8,5570
87,9,4963
87,10,5135
87,11,5950
87,12,6623
87,13,7177
87,14,7520
87,15,8045
87,16,9630
87,17,13539
87,18,15112
87,19,13425
87,20,12602
87,21,13323
87,22,12607
87,23,10664
88,0,4586
88,1,3103
88,2,1640
88,3,735
88,4,516
88,5,371
88,6,852
88,7,1200
88,8,2005
88,9,2178
88,10,2507
88,11,3053
88,12,3746
88,13,4324
88,14,5054
88,15,5651
88,16,6798
88,17,8312
88,18,7875
88,19,6518
88,20,6318
88,21,5956
88,22,5646
88,23,5139
89,0,310
89,1,157
89,2,111
89,3,150
89,4,401
89,5,611
89,6,1141
89,7,2046
89,8,2001
89,9,1732
89,10,1410
89,11,1088
89,12,1156
89,13,1156
89,14,1129
89,15,923
89,16,739
89,17,952
89,18,924
89,19,738
89,20,622
89,21,513
89,22,693
89,23,548
90,0,16742
90,1,12216
90,2,8657
90,3,6190
90,4,4679
90,5,2977
90,6,4495
90,7,8220
90,8,13840
90,9,15306
90,10,14951
90,11,16279
90,12,17635
90,13,18320
90,14,19281
90,15,19389
90,16,21154
90,17,25372
90,18,29052
90,19,26498
90,20,23871
90,21,26348
90,22,24610
90,23,21242
91,0,127
91,1,49
91,2,37
91,3,80
91,4,192
91,5,582
91,6,937
91,7,1460
91,8,1335
91,9,1177
91,10,894
91,11,699
91,12,718
91,13,709
91,14,723
91,15,546
91,16,417
91,17,423
91,18,416
91,19,296
91,20,245
91,21,210
91,22,264
91,23,250
92,0,527
92,1,215
92,2,112
92,3,119
92,4,208
92,5,121
92,6,164
92,7,254
92,8,274
92,9,230
92,10,223
92,11,202
92,12,298
92,13,322
92,14,328
92,15,301
92,16,287
92,17,297
92,18,288
92,19,341
92,20,423
92,21,565
92,22,678
92,23,641
93,0,293
93,1,128
93,2,43
93,3,37
93,4,52
93,5,90
93,6,134
93,7,130
93,8,156
93,9,111
93,10,109
93,11,131
93,12,157
93,13,178
93,14,218
93,15,237
93,16,507
93,17,269
93,18,229
93,19,314
93,20,292
93,21,628
93,22,915
93,23,499
94,0,44
94,1,30
94,2,16
94,3,13
94,4,68
94,5,120
94,6,189
94,7,254
94,8,223
94,9,176
94,10,130
94,11,113
94,12,88
94,13,91
94,14,135
94,15,112
94,16,85
94,17,93
94,18,69
94,19,65
94,20,47
94,21,57
94,22,73
94,23,56
95,0,567
95,1,280
95,2,162
95,3,142
95,4,202
95,5,215
95,6,591
95,7,1058
95,8,698
95,9,571
95,10,506
95,11,565
95,12,543
95,13,551
95,14,579
95,15,543
95,16,550
95,17,707
95,18,736
95,19,658
95,20,608
95,21,658
95,22,881
95,23,848
96,0,7
96,1,6
96,2,9
96,3,6
96,4,5
96,5,21
96,6,23
96,7,35
96,8,26
96,9,29
96,10,23
96,11,17
96,12,16
96,13,24
96,14,19
96,15,9
96,16,22
96,17,29
96,18,16
96,19,20
96,20,15
96,21,15
96,22,18
96,23,17
97,0,1674
97,1,714
97,2,340
97,3,352
97,4,443
97,5,571
97,6,898
97,7,1331
97,8,1643
97,9,1397
97,10,1122
97,11,1155
97,12,1375
97,13,1415
97,14,1476
97,15,1619
97,16,1422
97,17,1937
97,18,2111
97,19,1824
97,20,1591
97,21,2028
97,22,3278
97,23,2806
98,0,63
98,1,32
98,2,10
98,3,7
98,4,27
98,5,66
98,6,77
98,7,109
98,8,68
98,9,64
98,10,81
98,11,70
98,12,65
98,13,52
98,14,91
98,15,98
98,16,51
98,17,69
98,18,50
98,19,38
98,20,36
98,21,43
98,22,99
98,23,80
99,3,1
99,15,2
99,18,2
100,0,9813
100,1,6528
100,2,4118
100,3,2806
100,4,2629
100,5,7538
100,6,12949
100,7,13084
100,8,12065
100,9,12800
100,10,13319
100,11,14928
100,12,15847
100,13,16600
100,14,17627
100,15,17870
100,16,20803
100,17,24656
100,18,25380
100,19,20273
100,20,18713
100,21,20278
100,22,18927
100,23,14590
101,0,106
101,1,42
101,2,18
101,3,9
101,4,69
101,5,60
101,6,115
101,7,60
101,8,84
101,9,70
101,10,54
101,11,48
101,12,81
101,13,95
101,14,85
101,15,82
101,16,93
101,17,92
101,18,39
101,19,57
101,20,53
101,21,47
101,22,50
101,23,95
102,0,90
102,1,43
102,2,26
102,3,45
102,4,93
102,5,171
102,6,377
102,7,300
102,8,279
102,9,192
102,10,142
102,11,136
102,12,137
102,13,164
102,14,151
102,15,123
102,16,119
102,17,121
102,18,153
102,19,143
102,20,113
102,21,121
102,22,155
102,23,129
105,0,1
105,9,1
105,12,1
105,20,1
105,23,1
106,0,432
106,1,231
106,2,136
106,3,120
106,4,130
106,5,110
106,6,154
106,7,213
106,8,305
106,9,278
106,10,234
106,11,258
106,12,211
106,13,263
106,14,279
106,15,243
106,16,231
106,17,375
106,18,423
106,19,303
106,20,302
106,21,449
106,22,568
106,23,542
107,0,18065
107,1,11178
107,2,6909
107,3,4874
107,4,3915
107,5,4508
107,6,9108
107,7,15358
107,8,20562
107,9,22431
107,10,20280
107,11,21279
107,12,22215
107,13,22830
107,14,24240
107,15,24357
107,16,24975
107,17,29274
107,18,34103
107,19,31864
107,20,30918
107,21,31698
107,22,29701
107,23,24989
108,0,42
108,1,27
108,2,18
108,3,22
108,4,20
108,5,60
108,6,190
108,7,267
108,8,266
108,9,232
108,10,248
108,11,170
108,12,144
108,13,153
108,14,148
108,15,166
108,16,95
108,17,83
108,18,72
108,19,69
108,20,49
108,21,56
108,22,52
108,23,45
109,3,1
109,5,10
109,6,6
109,7,9
109,8,13
109,9,4
109,10,4
109,11,2
109,12,1
109,13,4
109,14,2
109,15,1
109,16,1
109,17,1
109,18,4
109,19,1
109,20,3
109,21,4
109,23,2
111,0,7
111,1,2
111,2,1
111,4,2
111,5,1
111,6,1
111,7,4
111,8,3
111,9,5
111,10,2
111,11,1
111,12,1
111,13,5
111,14,6
111,15,7
111,16,5
111,17,1
111,18,7
111,19,4
111,20,2
111,21,3
111,22,5
111,23,4
112,0,3359
112,1,2160
112,2,1630
112,3,1256
112,4,1176
112,5,640
112,6,820
112,7,941
112,8,1502
112,9,1199
112,10,790
112,11,810
112,12,861
112,13,1013
112,14,1066
112,15,1018
112,16,1113
112,17,1527
112,18,2143
112,19,2104
112,20,1914
112,21,2272
112,22,3398
112,23,3498
113,0,14370
113,1,10226
113,2,7342
113,3,4794
113,4,2722
113,5,1596
113,6,3530
113,7,7215
113,8,12227
113,9,13194
113,10,12627
113,11,14161
113,12,15676
113,13,16640
113,14,17979
113,15,19827
113,16,20138
113,17,22777
113,18,26007
113,19,23806
113,20,24145
113,21,26981
113,22,25100
113,23,20240
114,0,36099
114,1,30248
114,2,20829
114,3,11779
114,4,3955
114,5,1333
114,6,1902
114,7,2881
114,8,4948
114,9,5385
114,10,5484
114,11,6736
114,12,8488
114,13,10242
114,14,11902
114,15,13366
114,16,14074
114,17,15711
114,18,19261
114,19,20900
114,20,23918
114,21,32730
114,22,35766
114,23,37941
115,0,2
115,1,4
115,3,3
115,4,6
115,5,8
115,6,27
115,7,33
115,8,38
115,10,2
115,11,3
115,12,2
115,13,7
115,14,8
115,15,9
115,16,2
115,17,5
115,18,6
115,19,5
115,21,3
115,22,7
115,23,4
116,0,1670
116,1,909
116,2,606
116,3,450
116,4,937
116,5,1490
116,6,2631
116,7,4930
116,8,5240
116,9,3244
116,10,2409
116,11,2363
116,12,2444
116,13,2617
116,14,2673
116,15,2465
116,16,2382
116,17,2674
116,18,2959
116,19,2404
116,20,1951
116,21,1909
116,22,2377
116,23,2349
117,0,66
117,1,29
117,2,18
117,3,34
117,4,119
117,5,291
117,6,453
117,7,627
117,8,533
117,9,435
117,10,325
117,11,334
117,12,269
117,13,211
117,14,231
117,15,191
117,16,206
117,17,216
117,18,140
117,19,115
117,20,102
117,21,81
117,22,65
117,23,62
118,0,6
118,1,3
118,2,1
118,3,1
118,4,3
118,5,4
118,6,6
118,7,14
118,8,6
118,9,5
118,10,4
118,11,5
118,12,2
118,13,7
118,14,3
118,15,8
118,16,2
118,17,4
118,18,4
118,19,8
118,20,7
118,21,12
118,22,9
118,23,4
119,0,114
119,1,43
119,2,48
119,3,80
119,4,162
119,5,183
119,6,482
119,7,686
119,8,543
119,9,369
119,10,292
119,11,285
119,12,260
119,13,245
119,14,282
119,15,232
119,16,209
119,17,189
119,18,142
119,19,132
119,20,165
119,21,244
119,22,239
119,23,162
120,0,19
120,1,12
120,2,8
120,3,7
120,4,11
120,5,19
120,6,19
120,7,36
120,8,49
120,9,27
120,10,40
120,11,27
120,12,23
120,13,26
120,14,40
120,15,21
120,16,35
120,17,42
120,18,23
120,19,17
120,20,18
120,21,17
120,22,18
120,23,19
121,0,80
121,1,44
121,2,34
121,3,51
121,4,124
121,5,115
121,6,257
121,7,391
121,8,246
121,9,219
121,10,166
121,11,195
121,12,221
121,13,205
121,14,269
121,15,253
121,16,217
121,17,210
121,18,129
121,19,135
121,20,73
121,21,114
121,22,103
121,23,124
122,0,29
122,1,19
122,2,17
122,3,18
122,4,104
122,5,205
122,6,386
122,7,286
122,8,252
122,9,169
122,10,113
122,11,97
122,12,75
122,13,99
122,14,116
122,15,100
122,16,47
122,17,55
122,18,45
122,19,38
122,20,47
122,21,33
122,22,30
122,23,39
123,0,72
123,1,35
123,2,13
123,3,20
123,4,22
123,5,67
123,6,118
123,7,181
123,8,254
123,9,272
123,10,283
123,11,365
123,12,388
123,13,400
123,14,314
123,15,305
123,16,225
123,17,195
123,18,172
123,19,113
123,20,80
123,21,55
123,22,68
123,23,75
124,0,181
124,1,87
124,2,35
124,3,18
124,4,65
124,5,101
124,6,208
124,7,202
124,8,201
124,9,167
124,10,149
124,11,117
124,12,171
124,13,181
124,14,209
124,15,194
124,16,145
124,17,155
124,18,155
124,19,125
124,20,128
124,21,177
124,22,246
124,23,270
125,0,4554
125,1,3413
125,2,2637
125,3,2169
125,4,1308
125,5,548
125,6,1122
125,7,2967
125,8,4672
125,9,4347
125,10,4707
125,11,4911
125,12,5921
125,13,6081
125,14,6297
125,15,6520
125,16,6849
125,17,9422
125,18,10248
125,19,8632
125,20,8142
125,21,8357
125,22,7953
125,23,6249
126,0,71
126,1,44
126,2,33
126,3,30
126,4,112
126,5,145
126,6,214
126,7,390
126,8,332
126,9,248
126,10,163
126,11,180
126,12,203
126,13,241
126,14,233
126,15,244
126,16,200
126,17,227
126,18,154
126,19,160
126,20,151
126,21,100
126,22,99
126,23,119
127,0,335
127,1,201
127,2,197
127,3,230
127,4,410
127,5,240
127,6,414
127,7,783
127,8,852
127,9,627
127,10,414
127,11,430
127,12,432
127,13,480
127,14,628
127,15,600
127,16,529
127,17,546
127,18,579
127,19,478
127,20,370
127,21,415
127,22,495
127,23,456
128,0,15
128,1,5
128,2,5
128,3,5
128,4,6
128,5,14
128,6,22
128,7,47
128,8,52
128,9,46
128,10,33
128,11,24
128,12,50
128,13,46
128,14,97
128,15,105
128,16,78
128,17,83
128,18,69
128,19,69
128,20,75
128,21,51
128,22,55
128,23,50
129,0,1070
129,1,743
129,2,587
129,3,936
129,4,1807
129,5,954
129,6,1199
129,7,1448
129,8,1305
129,9,1041
129,10,925
129,11,990
129,12,1088
129,13,967
129,14,1077
129,15,914
129,16,912
129,17,1078
129,18,1087
129,19,933
129,20,889
129,21,1024
129,22,1112
129,23,1190
130,0,1561
130,1,1039
130,2,506
130,3,413
130,4,416
130,5,365
130,6,643
130,7,867
130,8,620
130,9,549
130,10,448
130,11,547
130,12,732
130,13,839
130,14,1020
130,15,980
130,16,1189
130,17,1090
130,18,900
130,19,785
130,20,721
130,21,837
130,22,1207
130,23,1799
131,0,90
131,1,51
131,2,39
131,3,35
131,4,97
131,5,163
131,6,398
131,7,347
131,8,339
131,9,211
131,10,167
131,11,143
131,12,180
131,13,231
131,14,211
131,15,163
131,16,137
131,17,160
131,18,115
131,19,88
131,20,68
131,21,60
131,22,80
131,23,95
132,0,44969
132,1,23303
132,2,8895
132,3,4460
132,4,4491
132,5,15479
132,6,25898
132,7,30461
132,8,25352
132,9,23953
132,10,27144
132,11,32319
132,12,34016
132,13,44464
132,14,61403
132,15,72267
132,16,76493
132,17,66216
132,18,60284
132,19,70543
132,20,71707
132,21,68708
132,22,68142
132,23,61605
133,0,97
133,1,51
133,2,43
133,3,55
133,4,63
133,5,147
133,6,310
133,7,537
133,8,627
133,9,388
133,10,285
133,11,256
133,12,280
133,13,266
133,14,230
133,15,220
133,16,178
133,17,262
133,18,270
133,19,189
133,20,137
133,21,103
133,22,102
133,23,132
134,0,184
134,1,129
134,2,48
134,3,65
134,4,101
134,5,110
134,6,230
134,7,398
134,8,291
134,9,243
134,10,193
134,11,263
134,12,310
134,13,279
134,14,292
134,15,410
134,16,445
134,17,409
134,18,325
134,19,184
134,20,138
134,21,149
134,22,193
134,23,232
135,0,76
135,1,37
135,2,20
135,3,38
135,4,68
135,5,205
135,6,214
135,7,303
135,8,223
135,9,182
135,10,136
135,11,127
135,12,148
135,13,186
135,14,145
135,15,135
135,16,113
135,17,128
135,18,114
135,19,75
135,20,64
135,21,87
135,22,109
135,23,75
136,0,42
136,1,24
136,2,19
136,3,53
136,4,90
136,5,87
136,6,163
136,7,402
136,8,399
136,9,248
136,10,213
136,11,188
136,12,183
136,13,191
136,14,183
136,15,194
136,16,197
136,17,155
136,18,128
136,19,101
136,20,99
136,21,67
136,22,83
136,23,117
137,0,10462
137,1,6212
137,2,3782
137,3,2860
137,4,3192
137,5,3248
137,6,5726
137,7,10603
137,8,13179
137,9,12989
137,10,13002
137,11,14814
137,12,15384
137,13,15523
137,14,16742
137,15,18558
137,16,20029
137,17,21691
137,18,22543
137,19,22543
137,20,17385
137,21,15101
137,22,14030
137,23,13291
138,0,25223
138,1,7691
138,2,2564
138,3,808
138,4,505
138,5,612
138,6,1032
138,7,8270
138,8,15753
138,9,27711
138,10,36016
138,11,31384
138,12,34161
138,13,38169
138,14,52957
138,15,50606
138,16,44125
138,17,42170
138,18,40984
138,19,39907
138,20,38272
138,21,41341
138,22,36139
138,23,40741
139,0,46
139,1,25
139,2,19
139,3,35
139,4,68
139,5,182
139,6,278
139,7,298
139,8,231
139,9,217
139,10,182
139,11,115
139,12,86
139,13,93
139,14,131
139,15,125
139,16,138
139,17,130
139,18,85
139,19,54
139,20,32
139,21,44
139,22,58
139,23,75
140,0,4956
140,1,2457
140,2,1490
140,3,1227
140,4,1640
140,5,2829
140,6,7904
140,7,20776
140,8,32279
140,9,31272
140,10,31611
140,11,33410
140,12,34675
140,13,33571
140,14,37218
140,15,40677
140,16,40594
140,17,42345
140,18,37332
140,19,31086
140,20,22834
140,21,16013
140,22,11468
140,23,8444
141,0,9239
141,1,5455
141,2,3513
141,3,2714
141,4,2981
141,5,3884
141,6,10138
141,7,23146
141,8,31220
141,9,31453
141,10,32022
141,11,33146
141,12,35279
141,13,35354
141,14,37627
141,15,36658
141,16,35027
141,17,39985
141,18,43683
141,19,37193
141,20,31681
141,21,28290
141,22,22595
141,23,14761
142,0,13681
142,1,5425
142,2,2278
142,3,1210
142,4,1547
142,5,3251
142,6,7429
142,7,19291
142,8,29150
142,9,31164
142,10,33383
142,11,36792
142,12,41074
142,13,41512
142,14,43689
142,15,45701
142,16,45888
142,17,52974
142,18,56398
142,19,44989
142,20,43594
142,21,62879
142,22,62213
142,23,37640
143,0,2874
143,1,1331
143,2,739
143,3,618
143,4,876
143,5,2488
143,6,6484
143,7,15554
143,8,23075
143,9,21665
143,10,18353
143,11,18236
143,12,19460
143,13,18538
143,14,19371
143,15,19569
143,16,18719
143,17,21388
143,18,22344
143,19,15991
143,20,11311
143,21,10087
143,22,9366
143,23,6337
144,0,16748
144,1,15692
144,2,13378
144,3,9585
144,4,5265
144,5,1271
144,6,1104
144,7,1919
144,8,3691
144,9,3851
144,10,4701
144,11,6484
144,12,8923
144,13,11455
144,14,14484
144,15,16408
144,16,17384
144,17,18815
144,18,20569
144,19,19388
144,20,18549
144,21,18769
144,22,19224
144,23,17828
145,0,2664
145,1,1461
145,2,1000
145,3,925
145,4,1596
145,5,1323
145,6,1527
145,7,1866
145,8,2300
145,9,2148
145,10,2194
145,11,2486
145,12,2622
145,13,2499
145,14,2570
145,15,2535
145,16,2815
145,17,3291
145,18,3625
145,19,2945
145,20,2448
145,21,2614
145,22,3317
145,23,3533
146,0,928
146,1,563
146,2,359
146,3,326
146,4,672
146,5,603
146,6,1060
146,7,1421
146,8,1279
146,9,1136
146,10,1238
146,11,1225
146,12,1132
146,13,1153
146,14,1187
146,15,1118
146,16,1264
146,17,1555
146,18,1625
146,19,1303
146,20,1041
146,21,972
146,22,1125
146,23,1181
147,0,41
147,1,21
147,2,17
147,3,27
147,4,103
147,5,122
147,6,230
147,7,337
147,8,268
147,9,232
147,10,178
147,11,174
147,12,171
147,13,173
147,14,194
147,15,166
147,16,101
147,17,142
147,18,86
147,19,72
147,20,87
147,21,54
147,22,68
147,23,73
148,0,33995
148,1,33335
148,2,27870
148,3,20609
148,4,10944
148,5,2833
148,6,2421
148,7,4011
148,8,5974
148,9,6574
148,10,5361
148,11,6173
148,12,7286
148,13,8021
148,14,9340
148,15,9635
148,16,9458
148,17,11136
148,18,14078
148,19,15447
148,20,16803
148,21,20392
148,22,26260
148,23,30955
149,0,31
149,1,26
149,2,15
149,3,7
149,4,11
149,5,120
149,6,145
149,7,237
149,8,258
149,9,233
149,10,196
149,11,225
149,12,182
149,13,203
149,14,221
149,15,221
149,16,115
149,17,110
149,18,110
149,19,102
149,20,52
149,21,51
149,22,53
149,23,48
150,0,50
150,1,28
150,2,15
150,3,6
150,4,7
150,5,32
150,6,44
150,7,74
150,8,132
150,9,81
150,10,122
150,11,87
150,12,118
150,13,114
150,14,149
150,15,140
150,16,128
150,17,104
150,18,79
150,19,56
150,20,37
150,21,24
150,22,54
150,23,80
151,0,2214
151,1,1136
151,2,671
151,3,561
151,4,1050
151,5,2095
151,6,5048
151,7,10835
151,8,13440
151,9,13312
151,10,12918
151,11,12887
151,12,13946
151,13,14080
151,14,14108
151,15,13364
151,16,13172
151,17,14995
151,18,16034
151,19,11867
151,20,8911
151,21,7476
151,22,6125
151,23,4015
152,0,881
152,1,455
152,2,295
152,3,198
152,4,379
152,5,690
152,6,1478
152,7,2456
152,8,2351
152,9,2053
152,10,1395
152,11,1465
152,12,1542
152,13,1619
152,14,1933
152,15,1970
152,16,2172
152,17,2819
152,18,2497
152,19,1956
152,20,1680
152,21,1653
152,22,1538
152,23,1291
153,0,17
153,1,16
153,2,6
153,3,8
153,4,29
153,5,42
153,6,40
153,7,107
153,8,106
153,9,57
153,10,42
153,11,68
153,12,60
153,13,50
153,14,79
153,15,62
153,16,64
153,17,62
153,18,65
153,19,63
153,20,48
153,21,49
153,22,44
153,23,36
154,0,9
154,1,4
154,2,2
154,3,5
154,4,2
154,5,6
154,6,11
154,7,7
154,8,15
154,9,20
154,10,12
154,11,18
154,12,16
154,13,19
154,14,26
154,15,20
154,16,17
154,17,17
154,18,25
154,19,24
154,20,28
154,21,17
154,22,21
154,23,23
155,0,80
155,1,31
155,2,20
155,3,16
155,4,27
155,5,153
155,6,314
155,7,465
155,8,384
155,9,371
155,10,332
155,11,393
155,12,416
155,13,436
155,14,373
155,15,364
155,16,279
155,17,297
155,18,286
155,19,294
155,20,246
155,21,183
155,22,161
155,23,125
156,0,3
156,4,6
156,5,6
156,6,1
156,7,6
156,8,2
156,9,1
156,10,5
156,11,4
156,12,2
156,13,4
156,14,4
156,15,1
156,16,3
156,17,2
156,18,2
156,19,1
156,21,2
156,22,2
156,23,9
157,0,199
157,1,188
157,2,519
157,3,1055
157,4,1568
157,5,1382
157,6,838
157,7,656
157,8,449
157,9,254
157,10,174
157,11,234
157,12,202
157,13,233
157,14,251
157,15,196
157,16,215
157,17,190
157,18,192
157,19,195
157,20,219
157,21,332
157,22,430
157,23,266
158,0,17326
158,1,14737
158,2,10132
158,3,5568
158,4,1699
158,5,828
158,6,2044
158,7,4532
158,8,7151
158,9,5966
158,10,5665
158,11,6493
158,12,8106
158,13,9392
158,14,11094
158,15,11983
158,16,12796
158,17,15459
158,18,16501
158,19,15822
158,20,16604
158,21,19687
158,22,19899
158,23,19294
159,0,182
159,1,77
159,2,74
159,3,82
159,4,204
159,5,343
159,6,595
159,7,679
159,8,616
159,9,440
159,10,400
159,11,385
159,12,418
159,13,449
159,14,592
159,15,488
159,16,541
159,17,541
159,18,389
159,19,290
159,20,294
159,21,191
159,22,211
159,23,267
160,0,87
160,1,54
160,2,45
160,3,60
160,4,98
160,5,119
160,6,231
160,7,337
160,8,344
160,9,203
160,10,171
160,11,135
160,12,123
160,13,143
160,14,187
160,15,168
160,16,150
160,17,159
160,18,185
160,19,147
160,20,132
160,21,140
160,22,168
160,23,156
161,0,17316
161,1,6958
161,2,2908
161,3,1815
161,4,2115
161,5,2866
161,6,7500
161,7,14549
161,8,24236
161,9,32657
161,10,39786
161,11,49705
161,12,56225
161,13,61964
161,14,69103
161,15,71983
161,16,82349
161,17,97451
161,18,100930
161,19,87819
161,20,87882
161,21,86691
161,22,67408
161,23,37383
162,0,11659
162,1,5511
162,2,2897
162,3,1844
162,4,2000
162,5,4175
162,6,11755
162,7,21211
162,8,31127
162,9,35582
162,10,36866
162,11,40840
162,12,42442
162,13,43101
162,14,45282
162,15,46740
162,16,53849
162,17,70517
162,18,75537
162,19,61199
162,20,57006
162,21,51292
162,22,36821
162,23,21521
163,0,12656
163,1,5661
163,2,2912
163,3,1866
163,4,2178
163,5,2560
163,6,4007
163,7,10084
163,8,16726
163,9,21807
163,10,27040
163,11,32158
163,12,35589
163,13,37630
163,14,41539
163,15,41974
163,16,45318
163,17,53717
163,18,58358
163,19,46794
163,20,41943
163,21,44524
163,22,42777
163,23,25084
164,0,19874
164,1,12756
164,2,8371
164,3,5922
164,4,4902
164,5,3354
164,6,3982
164,7,7900
164,8,13741
164,9,16644
164,10,18860
164,11,22171
164,12,23853
164,13,24921
164,14,26694
164,15,26990
164,16,29545
164,17,36148
164,18,40607
164,19,37479
164,20,34881
164,21,36767
164,22,35777
164,23,29437
165,0,63
165,1,23
165,2,21
165,3,14
165,4,37
165,5,84
165,6,209
165,7,390
165,8,477
165,9,475
165,10,388
165,11,418
165,12,506
165,13,491
165,14,422
165,15,373
165,16,277
165,17,250
165,18,200
165,19,153
165,20,111
165,21,81
165,22,74
165,23,71
166,0,3265
166,1,1532
166,2,932
166,3,677
166,4,940
166,5,1443
166,6,2615
166,7,5910
166,8,7727
166,9,7427
166,10,7022
166,11,8033
166,12,9338
166,13,9420
166,14,9715
166,15,10844
166,16,11062
166,17,13757
166,18,12830
166,19,10516
166,20,9422
166,21,8526
166,22,7374
166,23,5459
167,0,76
167,1,45
167,2,19
167,3,60
167,4,159
167,5,326
167,6,661
167,7,768
167,8,625
167,9,429
167,10,317
167,11,270
167,12,297
167,13,319
167,14,371
167,15,310
167,16,246
167,17,277
167,18,190
167,19,146
167,20,131
167,21,125
167,22,137
167,23,127
168,0,528
168,1,240
168,2,210
168,3,233
168,4,525
168,5,559
168,6,853
168,7,1231
168,8,1084
168,9,813
168,10,608
168,11,611
168,12,677
168,13,810
168,14,909
168,15,858
168,16,1002
168,17,1080
168,18,862
168,19,660
168,20,569
168,21,529
168,22,531
168,23,646
169,0,87
169,1,70
169,2,43
169,3,72
169,4,103
169,5,202
169,6,357
169,7,573
169,8,565
169,9,376
169,10,257
169,11,259
169,12,242
169,13,289
169,14,389
169,15,340
169,16,239
169,17,220
169,18,199
169,19,157
169,20,147
169,21,118
169,22,153
169,23,141
170,0,14738
170,1,7834
170,2,4465
170,3,2923
170,4,2886
170,5,3956
170,6,8715
170,7,17260
170,8,26930
170,9,31233
170,10,33714
170,11,36518
170,12,38953
170,13,39284
170,14,40362
170,15,40106
170,16,43590
170,17,51506
170,18,55536
170,19,49592
170,20,43170
170,21,38897
170,22,33176
170,23,23437
171,0,78
171,1,42
171,2,31
171,3,37
171,4,35
171,5,38
171,6,50
171,7,135
171,8,154
171,9,121
171,10,64
171,11,95
171,12,91
171,13,83
171,14,72
171,15,63
171,16,41
171,17,42
171,18,69
171,19,60
171,20,58
171,21,77
171,22,100
171,23,109
172,0,11
172,1,5
172,2,1
172,3,3
172,4,7
172,5,3
172,6,12
172,7,19
172,8,13
172,9,4
172,10,1
172,11,4
172,12,4
172,13,4
172,14,2
172,15,6
172,16,9
172,17,7
172,18,7
172,19,8
172,20,5
172,21,10
172,22,3
173,0,199
173,1,123
173,2,98
173,3,84
173,4,294
173,5,117
173,6,132
173,7,177
173,8,190
173,9,108
173,10,70
173,11,110
173,12,80
173,13,125
173,14,117
173,15,83
173,16,88
173,17,133
173,18,126
173,19,135
173,20,151
173,21,184
173,22,236
173,23,235
174,0,76
174,1,31
174,2,23
174,3,42
174,4,41
174,5,119
174,6,322
174,7,320
174,8,342
174,9,285
174,10,236
174,11,267
174,12,246
174,13,240
174,14,274
174,15,289
174,16,211
174,17,226
174,18,138
174,19,127
174,20,111
174,21,79
174,22,99
174,23,169
175,0,29
175,1,14
175,2,13
175,3,14
175,4,15
175,5,46
175,6,93
175,7,122
175,8,125
175,9,59
175,10,54
175,11,62
175,12,61
175,13,67
175,14,53
175,15,45
175,16,48
175,17,36
175,18,34
175,19,23
175,20,31
175,21,45
175,22,31
175,23,30
176,0,3
176,1,2
176,2,5
176,3,3
176,4,1
176,5,2
176,6,1
176,7,12
176,8,7
176,9,4
176,10,4
176,11,2
176,13,1
176,15,1
176,16,1
176,17,1
176,18,2
176,19,1
176,20,4
176,21,2
176,22,2
177,0,334
177,1,146
177,2,100
177,3,121
177,4,308
177,5,697
177,6,1170
177,7,1341
177,8,1581
177,9,1346
177,10,976
177,11,722
177,12,761
177,13,734
177,14,680
177,15,551
177,16,550
177,17,540
177,18,479
177,19,457
177,20,352
177,21,319
177,22,332
177,23,322
178,0,15
178,1,5
178,2,8
178,3,3
178,4,9
178,5,25
178,6,67
178,7,111
178,8,147
178,9,133
178,10,78
178,11,90
178,12,99
178,13,94
178,14,83
178,15,73
178,16,101
178,17,65
178,18,65
178,19,47
178,20,29
178,21,19
178,22,30
178,23,21
179,0,535
179,1,267
179,2,202
179,3,172
179,4,362
179,5,493
179,6,1167
179,7,1517
179,8,1714
179,9,1143
179,10,1077
179,11,946
179,12,919
179,13,876
179,14,853
179,15,797
179,16,719
179,17,851
179,18,1021
179,19,948
179,20,640
179,21,622
179,22,657
179,23,675
180,0,128
180,1,87
180,2,57
180,3,30
180,4,49
180,5,86
180,6,128
180,7,188
180,8,242
180,9,141
180,10,96
180,11,114
180,12,95
180,13,140
180,14,175
180,15,147
180,16,139
180,17,133
180,18,125
180,19,72
180,20,79
180,21,94
180,22,148
180,23,142
181,0,1747
181,1,804
181,2,389
181,3,243
181,4,285
181,5,225
181,6,368
181,7,760
181,8,1043
181,9,900
181,10,793
181,11,830
181,12,1054
181,13,1009
181,14,1135
181,15,1069
181,16,1169
181,17,1419
181,18,1768
181,19,1393
181,20,1433
181,21,2023
181,22,2745
181,23,2424
182,0,60
182,1,20
182,2,18
182,3,25
182,4,192
182,5,435
182,6,788
182,7,1086
182,8,767
182,9,452
182,10,326
182,11,307
182,12,299
182,13,252
182,14,262
182,15,161
182,16,167
182,17,180
182,18,164
182,19,104
182,20,111
182,21,104
182,22,102
182,23,92
183,0,25
183,1,16
183,2,16
183,3,14
183,4,31
183,5,82
183,6,173
183,7,230
183,8,156
183,9,81
183,10,60
183,11,67
183,12,61
183,13,72
183,14,57
183,15,42
183,16,42
183,17,42
183,18,73
183,19,52
183,20,48
183,21,42
183,22,48
183,23,54
184,0,7
184,1,2
184,2,3
184,3,1
184,4,5
184,5,3
184,6,33
184,7,43
184,8,11
184,9,16
184,10,11
184,11,10
184,12,9
184,13,7
184,14,16
184,15,12
184,16,12
184,17,25
184,18,21
184,19,20
184,20,10
184,21,9
184,22,6
184,23,5
185,0,64
185,1,32
185,2,15
185,3,24
185,4,45
185,5,129
185,6,350
185,7,266
185,8,271
185,9,165
185,10,154
185,11,179
185,12,166
185,13,156
185,14,163
185,15,119
185,16,146
185,17,154
185,18,91
185,19,90
185,20,78
185,21,74
185,22,78
185,23,105
186,0,20997
186,1,11930
186,2,6230
186,3,4217
186,4,3598
186,5,10260
186,6,20824
186,7,29905
186,8,37333
186,9,40766
186,10,40325
186,11,44807
186,12,41625
186,13,46190
186,14,41779
186,15,41486
186,16,41853
186,17,48134
186,18,49477
186,19,48241
186,20,39636
186,21,46525
186,22,45912
186,23,33806
187,0,3
187,1,1
187,2,2
187,4,3
187,5,1
187,7,2
187,8,3
187,9,2
187,11,3
187,12,4
187,13,3
187,15,3
187,17,1
187,18,1
187,19,1
187,20,3
187,21,1
187,22,3
187,23,2
188,0,403
188,1,177
188,2,139
188,3,160
188,4,457
188,5,941
188,6,1738
188,7,1605
188,8,1910
188,9,1743
188,10,1326
188,11,1211
188,12,1221
188,13,1375
188,14,1388
188,15,1204
188,16,1169
188,17,1085
188,18,1012
188,19,846
188,20,702
188,21,559
188,22,572
188,23,562
189,0,593
189,1,310
189,2,138
189,3,122
189,4,179
189,5,217
189,6,328
189,7,519
189,8,664
189,9,432
189,10,400
189,11,307
189,12,391
189,13,465
189,14,447
189,15,455
189,16,462
189,17,583
189,18,668
189,19,631
189,20,550
189,21,644
189,22,853
189,23,801
190,0,57
190,1,23
190,2,7
190,3,13
190,4,9
190,5,23
190,6,36
190,7,68
190,8,76
190,9,69
190,10,70
190,11,79
190,12,132
190,13,114
190,14,131
190,15,135
190,16,135
190,17,173
190,18,139
190,19,78
190,20,96
190,21,91
190,22,98
190,23,92
191,0,99
191,1,51
191,2,45
191,3,86
191,4,175
191,5,385
191,6,718
191,7,617
191,8,466
191,9,309
191,10,237
191,11,186
191,12,170
191,13,198
191,14,244
191,15,232
191,16,199
191,17,168
191,18,149
191,19,103
191,20,95
191,21,113
191,22,270
191,23,202
192,0,48
192,1,22
192,2,13
192,3,22
192,4,52
192,5,58
192,6,58
192,7,122
192,8,95
192,9,67
192,10,59
192,11,57
192,12,86
192,13,75
192,14,96
192,15,87
192,16,92
192,17,71
192,18,52
192,19,59
192,20,64
192,21,56
192,22,109
192,23,109
193,0,268
193,1,119
193,2,94
193,3,98
193,4,288
193,5,384
193,6,738
193,7,968
193,8,1216
193,9,1330
193,10,1328
193,11,1358
193,12,1318
193,13,1226
193,14,1204
193,15,1096
193,16,1111
193,17,1014
193,18,1059
193,19,828
193,20,630
193,21,514
193,22,439
193,23,338
194,0,21
194,1,10
194,2,6
194,3,7
194,4,10
194,5,16
194,6,30
194,7,57
194,8,59
194,9,47
194,10,45
194,11,52
194,12,56
194,13,48
194,14,68
194,15,115
194,16,122
194,17,101
194,18,114
194,19,88
194,20,84
194,21,77
194,22,82
194,23,53
195,0,244
195,1,99
195,2,46
195,3,34
195,4,82
195,5,88
195,6,203
195,7,728
195,8,815
195,9,862
195,10,508
195,11,320
195,12,266
195,13,272
195,14,324
195,15,324
195,16,355
195,17,448
195,18,529
195,19,413
195,20,421
195,21,419
195,22,582
195,23,429
196,0,137
196,1,63
196,2,29
196,3,60
196,4,57
196,5,128
196,6,304
196,7,471
196,8,439
196,9,255
196,10,249
196,11,292
196,12,296
196,13,290
196,14,306
196,15,296
196,16,283
196,17,348
196,18,395
196,19,324
196,20,245
196,21,236
196,22,241
196,23,243
197,0,349
197,1,197
197,2,183
197,3,310
197,4,510
197,5,539
197,6,688
197,7,1031
197,8,914
197,9,454
197,10,391
197,11,480
197,12,546
197,13,565
197,14,609
197,15,1058
197,16,902
197,17,485
197,18,388
197,19,396
197,20,283
197,21,252
197,22,349
197,23,463
198,0,422
198,1,317
198,2,418
198,3,581
198,4,835
198,5,605
198,6,755
198,7,676
198,8,648
198,9,476
198,10,328
198,11,347
198,12,367
198,13,376
198,14,420
198,15,334
198,16,270
198,17,300
198,18,419
198,19,412
198,20,318
198,21,340
198,22,460
198,23,505
199,8,1
199,9,1
199,11,1
199,14,1
199,16,2
199,18,3
199,19,2
199,20,2
200,0,39
200,1,18
200,2,14
200,3,33
200,4,54
200,5,43
200,6,70
200,7,261
200,8,219
200,9,202
200,10,162
200,11,168
200,12,185
200,13,160
200,14,140
200,15,175
200,16,139
200,17,179
200,18,163
200,19,89
200,20,85
200,21,74
200,22,74
200,23,68
201,0,34
201,1,25
201,2,17
201,3,15
201,4,32
201,5,61
201,6,50
201,7,92
201,8,121
201,9,105
201,10,110
201,11,77
201,12,81
201,13,87
201,14,68
201,15,73
201,16,78
201,17,64
201,18,85
201,19,67
201,20,47
201,21,53
201,22,43
201,23,55
202,0,99
202,1,46
202,2,39
202,3,33
202,4,69
202,5,70
202,6,225
202,7,251
202,8,235
202,9,202
202,10,208
202,11,146
202,12,182
202,13,190
202,14,149
202,15,248
202,16,178
202,17,137
202,18,166
202,19,162
202,20,152
202,21,118
202,22,188
202,23,131
203,0,73
203,1,55
203,2,28
203,3,41
203,4,67
203,5,237
203,6,226
203,7,214
203,8,217
203,9,203
203,10,106
203,11,115
203,12,115
203,13,105
203,14,116
203,15,65
203,16,70
203,17,86
203,18,64
203,19,66
203,20,77
203,21,69
203,22,80
203,23,95
204,0,1
204,1,1
204,2,1
204,3,1
204,4,1
204,9,3
204,22,3
204,23,1
205,0,95
205,1,60
205,2,42
205,3,104
205,4,172
205,5,454
205,6,799
205,7,831
205,8,739
205,9,469
205,10,348
205,11,303
205,12,271
205,13,354
205,14,376
205,15,335
205,16,238
205,17,164
205,18,189
205,19,206
205,20,122
205,21,109
205,22,112
205,23,119
206,0,3
206,1,2
206,2,3
206,3,2
206,4,2
206,5,5
206,6,4
206,7,5
206,8,7
206,9,4
206,10,8
206,11,2
206,12,2
206,13,4
206,14,4
206,15,9
206,16,3
206,17,2
206,18,3
206,19,2
206,20,2
206,21,5
206,22,7
206,23,7
207,0,27
207,1,12
207,2,3
207,3,9
207,4,15
207,5,477
207,6,380
207,7,312
207,8,300
207,9,214
207,10,156
207,11,191
207,12,181
207,13,191
207,14,140
207,15,77
207,16,58
207,17,51
207,18,33
207,19,38
207,20,38
207,21,27
207,22,38
207,23,53
208,0,117
208,1,56
208,2,45
208,3,36
208,4,65
208,5,116
208,6,331
208,7,421
208,8,281
208,9,200
208,10,153
208,11,123
208,12,122
208,13,130
208,14,108
208,15,122
208,16,103
208,17,109
208,18,119
208,19,129
208,20,155
208,21,109
208,22,149
208,23,189
209,0,3356
209,1,2130
209,2,1359
209,3,753
209,4,480
209,5,367
209,6,458
209,7,709
209,8,1147
209,9,1311
209,10,1363
209,11,1647
209,12,1926
209,13,2060
209,14,2263
209,15,2559
209,16,2878
209,17,3590
209,18,4097
209,19,3931
209,20,4053
209,21,4555
209,22,4428
209,23,3961
210,0,80
210,1,54
210,2,20
210,3,44
210,4,59
210,5,134
210,6,266
210,7,336
210,8,429
210,9,448
210,10,386
210,11,441
210,12,371
210,13,385
210,14,342
210,15,242
210,16,229
210,17,167
210,18,189
210,19,124
210,20,80
210,21,92
210,22,113
210,23,96
211,0,10398
211,1,7923
211,2,4978
211,3,2444
211,4,1296
211,5,617
211,6,854
211,7,1771
211,8,3322
211,9,3571
211,10,4417
211,11,5975
211,12,8108
211,13,9901
211,14,12249
211,15,13749
211,16,14386
211,17,16569
211,18,19042
211,19,16972
211,20,14080
211,21,14271
211,22,14466
211,23,12676
212,0,68
212,1,30
212,2,31
212,3,50
212,4,152
212,5,162
212,6,419
212,7,532
212,8,640
212,9,379
212,10,214
212,11,184
212,12,146
212,13,184
212,14,204
212,15,125
212,16,117
212,17,106
212,18,123
212,19,119
212,20,109
212,21,81
212,22,106
212,23,110
213,0,75
213,1,28
213,2,28
213,3,38
213,4,197
213,5,439
213,6,908
213,7,885
213,8,1031
213,9,794
213,10,549
213,11,428
213,12,391
213,13,440
213,14,368
213,15,361
213,16,221
213,17,244
213,18,219
213,19,201
213,20,171
213,21,145
213,22,151
213,23,183
214,0,7
214,1,4
214,2,4
214,3,2
214,4,5
214,5,7
214,6,7
214,7,30
214,8,13
214,9,7
214,10,8
214,11,7
214,12,15
214,13,8
214,14,29
214,15,19
214,16,21
214,17,16
214,18,9
214,19,16
214,20,24
214,21,11
214,22,15
214,23,19
215,0,166
215,1,90
215,2,63
215,3,83
215,4,257
215,5,289
215,6,704
215,7,825
215,8,793
215,9,488
215,10,377
215,11,355
215,12,367
215,13,408
215,14,416
215,15,311
215,16,431
215,17,220
215,18,223
215,19,226
215,20,219
215,21,261
215,22,259
215,23,313
216,0,456
216,1,312
216,2,282
216,3,353
216,4,618
216,5,787
216,6,860
216,7,1169
216,8,1286
216,9,814
216,10,718
216,11,703
216,12,910
216,13,1082
216,14,1217
216,15,1080
216,16,1025
216,17,941
216,18,901
216,19,666
216,20,445
216,21,452
216,22,562
216,23,578
217,0,156
217,1,105
217,2,80
217,3,79
217,4,82
217,5,95
217,6,134
217,7,215
217,8,237
217,9,276
217,10,207
217,11,168
217,12,185
217,13,195
217,14,228
217,15,224
217,16,196
217,17,184
217,18,243
217,19,201
217,20,170
217,21,205
217,22,271
217,23,207
218,0,92
218,1,44
218,2,27
218,3,33
218,4,180
218,5,374
218,6,518
218,7,538
218,8,533
218,9,463
218,10,341
218,11,249
218,12,251
218,13,251
218,14,229
218,15,177
218,16,163
218,17,143
218,18,138
218,19,104
218,20,101
218,21,110
218,22,137
218,23,118
219,0,175
219,1,115
219,2,47
219,3,89
219,4,109
219,5,224
219,6,294
219,7,421
219,8,366
219,9,271
219,10,203
219,11,246
219,12,209
219,13,263
219,14,283
219,15,268
219,16,304
219,17,256
219,18,222
219,19,229
219,20,194
219,21,204
219,22,217
219,23,275
220,0,86
220,1,36
220,2,33
220,3,40
220,4,66
220,5,95
220,6,159
220,7,364
220,8,357
220,9,246
220,10,238
220,11,216
220,12,247
220,13,262
220,14,308
220,15,314
220,16,236
220,17,311
220,18,240
220,19,169
220,20,166
220,21,231
220,22,171
220,23,179
221,0,10
221,1,7
221,3,7
221,4,12
221,5,7
221,6,11
221,7,61
221,8,74
221,9,9
221,10,4
221,11,4
221,12,10
221,13,7
221,14,7
221,15,6
221,16,6
221,17,6
221,18,9
221,19,4
221,20,9
221,21,13
221,22,15
221,23,9
222,0,33
222,1,9
222,2,5
222,3,28
222,4,110
222,5,205
222,6,383
222,7,501
222,8,629
222,9,622
222,10,571
222,11,415
222,12,495
222,13,418
222,14,294
222,15,222
222,16,183
222,17,165
222,18,133
222,19,118
222,20,108
222,21,67
222,22,74
222,23,70
223,0,798
223,1,437
223,2,290
223,3,297
223,4,432
223,5,314
223,6,548
223,7,940
223,8,930
223,9,801
223,10,765
223,11,724
223,12,766
223,13,755
223,14,842
223,15,771
223,16,789
223,17,847
223,18,977
223,19,858
223,20,827
223,21,929
223,22,1037
223,23,1081
224,0,1718
224,1,1275
224,2,879
224,3,704
224,4,812
224,5,1263
224,6,2497
224,7,3955
224,8,4475
224,9,4458
224,10,3711
224,11,3263
224,12,3074
224,13,3029
224,14,2721
224,15,2603
224,16,2623
224,17,3395
224,18,4470
224,19,3942
224,20,2834
224,21,2471
224,22,2567
224,23,2349
225,0,789
225,1,522
225,2,379
225,3,462
225,4,739
225,5,1169
225,6,1816
225,7,2096
225,8,2293
225,9,2147
225,10,1548
225,11,1373
225,12,1271
225,13,1207
225,14,1259
225,15,1094
225,16,874
225,17,917
225,18,943
225,19,804
225,20,747
225,21,639
225,22,854
225,23,922
226,0,1297
226,1,833
226,2,592
226,3,594
226,4,1217
226,5,1308
226,6,2126
226,7,2663
226,8,2720
226,9,2040
226,10,1719
226,11,1847
226,12,1936
226,13,2083
226,14,2333
226,15,2239
226,16,2641
226,17,2646
226,18,2466
226,19,1895
226,20,1521
226,21,1488
226,22,1762
226,23,1736
227,0,89
227,1,63
227,2,42
227,3,52
227,4,81
227,5,184
227,6,173
227,7,227
227,8,289
227,9,266
227,10,209
227,11,238
227,12,250
227,13,242
227,14,265
227,15,227
227,16,213
227,17,194
227,18,147
227,19,127
227,20,109
227,21,86
227,22,83
227,23,90
228,0,480
228,1,300
228,2,315
228,3,450
228,4,531
228,5,274
228,6,327
228,7,427
228,8,426
228,9,406
228,10,371
228,11,403
228,12,463
228,13,509
228,14,603
228,15,601
228,16,563
228,17,730
228,18,689
228,19,661
228,20,510
228,21,456
228,22,557
228,23,631
229,0,8554
229,1,4990
229,2,3014
229,3,2048
229,4,2117
229,5,2594
229,6,6468
229,7,15497
229,8,22849
229,9,23196
229,10,22960
229,11,23555
229,12,25001
229,13,24093
229,14,22781
229,15,20706
229,16,20677
229,17,26947
229,18,32009
229,19,27157
229,20,24523
229,21,22825
229,22,18511
229,23,13500
230,0,23853
230,1,11681
230,2,6580
230,3,4998
230,4,5227
230,5,4867
230,6,7037
230,7,12518
230,8,20321
230,9,25997
230,10,30662
230,11,33483
230,12,32724
230,13,32924
230,14,34281
230,15,37035
230,16,47485
230,17,54245
230,18,55207
230,19,46853
230,20,51546
230,21,77433
230,22,74246
230,23,44641
231,0,13129
231,1,8925
231,2,6073
231,3,4227
231,4,3069
231,5,1355
231,6,2838
231,7,6934
231,8,11817
231,9,11183
231,10,12034
231,11,14019
231,12,15530
231,13,16264
231,14,18122
231,15,18704
231,16,21149
231,17,27212
231,18,30747
231,19,27361
231,20,23527
231,21,23835
231,22,22512
231,23,18092
232,0,3589
232,1,2763
232,2,2091
232,3,1476
232,4,1501
232,5,1445
232,6,2563
232,7,3280
232,8,4263
232,9,4011
232,10,2970
232,11,2848
232,12,3067
232,13,3113
232,14,3313
232,15,3425
232,16,3384
232,17,3942
232,18,4652
232,19,4253
232,20,4037
232,21,4057
232,22,4932
232,23,4584
233,0,4466
233,1,2247
233,2,1405
233,3,1017
233,4,1333
233,5,2322
233,6,4429
233,7,8756
233,8,13646
233,9,13675
233,10,15268
233,11,15298
233,12,16654
233,13,16560
233,14,15841
233,15,15495
233,16,16906
233,17,21296
233,18,23831
233,19,20183
233,20,17228
233,21,13751
233,22,10480
233,23,7283
234,0,22679
234,1,13098
234,2,7889
234,3,4813
234,4,3747
234,5,2178
234,6,4438
234,7,9034
234,8,15798
234,9,18996
234,10,21364
234,11,26443
234,12,30201
234,13,33717
234,14,37812
234,15,39762
234,16,42748
234,17,50596
234,18,55660
234,19,51105
234,20,49137
234,21,53352
234,22,48173
234,23,35166
235,0,76
235,1,40
235,2,35
235,3,61
235,4,142
235,5,388
235,6,578
235,7,676
235,8,778
235,9,575
235,10,397
235,11,353
235,12,307
235,13,273
235,14,285
235,15,298
235,16,258
235,17,236
235,18,198
235,19,143
235,20,118
235,21,108
235,22,162
235,23,142
236,0,5560
236,1,2484
236,2,1177
236,3,729
236,4,1270
236,5,3964
236,6,14661
236,7,44396
236,8,64414
236,9,64254
236,10,63557
236,11,68234
236,12,76359
236,13,73103
236,14,78928
236,15,87720
236,16,78422
236,17,84093
236,18,79404
236,19,55677
236,20,44317
236,21,37622
236,22,22869
236,23,11923
237,0,12947
237,1,5773
237,2,2724
237,3,1678
237,4,1539
237,5,2461
237,6,8135
237,7,29167
237,8,47337
237,9,53422
237,10,60292
237,11,69713
237,12,78179
237,13,81583
237,14,92199
237,15,91236
237,16,87647
237,17,92629
237,18,90309
237,19,71940
237,20,64436
237,21,64761
237,22,46466
237,23,25723
238,0,5255
238,1,2470
238,2,1302
238,3,981
238,4,1641
238,5,4336
238,6,11316
238,7,22291
238,8,30735
238,9,32206
238,10,31105
238,11,31457
238,12,33015
238,13,31274
238,14,32874
238,15,36979
238,16,31050
238,17,35032
238,18,35955
238,19,26276
238,20,20350
238,21,17743
238,22,14683
238,23,9642
239,0,10097
239,1,4705
239,2,2145
239,3,1289
239,4,1699
239,5,4137
239,6,10248
239,7,23702
239,8,33518
239,9,35403
239,10,37207
239,11,39234
239,12,43718
239,13,43993
239,14,46245
239,15,45792
239,16,44660
239,17,50863
239,18,48799
239,19,38486
239,20,33408
239,21,35041
239,22,28129
239,23,18104
240,0,14
240,1,9
240,2,9
240,3,13
240,4,12
240,5,48
240,6,64
240,7,74
240,8,57
240,9,43
240,10,46
240,11,36
240,12,43
240,13,30
240,14,36
240,15,35
240,16,31
240,17,27
240,18,26
240,19,30
240,20,23
240,21,20
240,22,11
240,23,30
241,0,55
241,1,35
241,2,23
241,3,30
241,4,68
241,5,131
241,6,350
241,7,534
241,8,582
241,9,294
241,10,254
241,11,229
241,12,192
241,13,205
241,14,238
241,15,291
241,16,168
241,17,190
241,18,169
241,19,145
241,20,121
241,21,119
241,22,153
241,23,120
242,0,128
242,1,45
242,2,29
242,3,22
242,4,70
242,5,109
242,6,194
242,7,247
242,8,247
242,9,190
242,10,239
242,11,300
242,12,285
242,13,274
242,14,272
242,15,291
242,16,259
242,17,250
242,18,154
242,19,155
242,20,144
242,21,98
242,22,117
242,23,196
243,0,695
243,1,454
243,2,295
243,3,284
243,4,449
243,5,561
243,6,1368
243,7,2171
243,8,1945
243,9,1372
243,10,1152
243,11,1132
243,12,1197
243,13,1210
243,14,1415
243,15,1337
243,16,1201
243,17,1365
243,18,1359
243,19,1171
243,20,970
243,21,937
243,22,1145
243,23,1171
244,0,1638
244,1,713
244,2,447
244,3,416
244,4,860
244,5,1199
244,6,2631
244,7,4643
244,8,4273
244,9,3341
244,10,2701
244,11,2745
244,12,2926
244,13,3009
244,14,3418
244,15,3339
244,16,3381
244,17,3736
244,18,3580
244,19,3002
244,20,2472
244,21,2126
244,22,2747
244,23,2340
245,0,4
245,1,1
245,2,1
245,3,1
245,4,1
245,5,3
245,6,5
245,7,1
245,8,6
245,9,1
245,10,3
245,11,3
245,12,1
245,13,2
245,14,2
245,16,2
245,17,2
245,18,2
245,19,2
245,20,1
245,21,1
245,22,1
245,23,4
246,0,10457
246,1,8891
246,2,8655
246,3,9001
246,4,3766
246,5,1173
246,6,2016
246,7,5521
246,8,10465
246,9,11182
246,10,13255
246,11,18042
246,12,21801
246,13,25549
246,14,30002
246,15,33346
246,16,37600
246,17,45093
246,18,46927
246,19,39675
246,20,35930
246,21,34342
246,22,24431
246,23,15668
247,0,376
247,1,194
247,2,78
247,3,139
247,4,164
247,5,233
247,6,511
247,7,804
247,8,696
247,9,520
247,10,372
247,11,382
247,12,392
247,13,395
247,14,504
247,15,577
247,16,603
247,17,618
247,18,454
247,19,397
247,20,454
247,21,611
247,22,676
247,23,599
248,0,60
248,1,26
248,2,27
248,3,39
248,4,168
248,5,190
248,6,462
248,7,676
248,8,542
248,9,347
248,10,192
248,11,162
248,12,172
248,13,172
248,14,196
248,15,139
248,16,125
248,17,118
248,18,75
248,19,86
248,20,61
248,21,95
248,22,85
248,23,94
249,0,46167
249,1,37216
249,2,24457
249,3,15347
249,4,6991
249,5,2931
249,6,5096
249,7,9562
249,8,13930
249,9,14322
249,10,12957
249,11,13137
249,12,15239
249,13,17088
249,14,19238
249,15,20187
249,16,20259
249,17,23476
249,18,29499
249,19,32287
249,20,37416
249,21,48971
249,22,53749
249,23,53778
250,0,77
250,1,34
250,2,32
250,3,49
250,4,92
250,5,151
250,6,376
250,7,508
250,8,325
250,9,253
250,10,165
250,11,156
250,12,144
250,13,133
250,14,206
250,15,195
250,16,251
250,17,196
250,18,133
250,19,92
250,20,67
250,21,70
250,22,138
250,23,133
251,0,6
251,1,2
251,2,3
251,3,3
251,4,5
251,5,4
251,6,8
251,7,10
251,8,8
251,9,2
251,10,6
251,11,2
251,12,3
251,13,4
251,14,4
251,15,5
251,16,1
251,17,7
251,18,5
251,19,8
251,20,1
251,21,5
251,22,4
251,23,8
252,0,42
252,1,24
252,2,18
252,3,29
252,4,71
252,5,55
252,6,61
252,7,94
252,8,94
252,9,63
252,10,41
252,11,68
252,12,96
252,13,74
252,14,104
252,15,82
252,16,64
252,17,87
252,18,73
252,19,82
252,20,80
252,21,71
252,22,94
252,23,82
253,0,4
253,1,2
253,2,1
253,3,2
253,4,1
253,5,2
253,6,3
253,7,4
253,8,4
253,9,3
253,10,4
253,11,6
253,12,4
253,13,6
253,14,9
253,15,8
253,16,10
253,17,9
253,18,9
253,19,11
253,20,6
253,21,10
253,22,20
253,23,27
254,0,52
254,1,42
254,2,29
254,3,53
254,4,164
254,5,510
254,6,764
254,7,720
254,8,799
254,9,593
254,10,449
254,11,291
254,12,307
254,13,337
254,14,299
254,15,250
254,16,179
254,17,159
254,18,148
254,19,150
254,20,132
254,21,130
254,22,169
254,23,194
255,0,6697
255,1,6235
255,2,4921
255,3,3870
255,4,1989
255,5,527
255,6,412
255,7,554
255,8,899
255,9,703
255,10,432
255,11,512
255,12,688
255,13,845
255,14,1101
255,15,1296
255,16,1278
255,17,1700
255,18,2248
255,19,2510
255,20,2787
255,21,3857
255,22,5814
255,23,6672
256,0,3449
256,1,2714
256,2,2129
256,3,1893
256,4,1472
256,5,753
256,6,835
256,7,1015
256,8,1312
256,9,1172
256,10,756
256,11,698
256,12,834
256,13,936
256,14,1121
256,15,1117
256,16,1164
256,17,1429
256,18,1992
256,19,2023
256,20,2121
256,21,2561
256,22,3676
256,23,3815
257,0,91
257,1,56
257,2,42
257,3,21
257,4,25
257,5,123
257,6,218
257,7,313
257,8,318
257,9,227
257,10,199
257,11,169
257,12,205
257,13,149
257,14,140
257,15,124
257,16,86
257,17,146
257,18,216
257,19,146
257,20,137
257,21,124
257,22,126
257,23,125
258,0,138
258,1,77
258,2,80
258,3,89
258,4,208
258,5,379
258,6,670
258,7,753
258,8,625
258,9,350
258,10,235
258,11,220
258,12,244
258,13,275
258,14,242
258,15,176
258,16,126
258,17,168
258,18,127
258,19,137
258,20,110
258,21,116
258,22,146
258,23,158
259,0,60
259,1,31
259,2,19
259,3,33
259,4,149
259,5,195
259,6,605
259,7,426
259,8,494
259,9,343
259,10,233
259,11,187
259,12,196
259,13,160
259,14,134
259,15,102
259,16,127
259,17,104
259,18,88
259,19,57
259,20,104
259,21,76
259,22,64
259,23,89
260,0,633
260,1,441
260,2,340
260,3,379
260,4,615
260,5,429
260,6,691
260,7,869
260,8,816
260,9,566
260,10,501
260,11,514
260,12,521
260,13,523
260,14,623
260,15,628
260,16,668
260,17,694
260,18,768
260,19,676
260,20,619
260,21,577
260,22,689
260,23,733
261,0,2594
261,1,1268
261,2,625
261,3,444
261,4,440
261,5,494
261,6,775
261,7,1439
261,8,2492
261,9,3188
261,10,4043
261,11,5757
261,12,6939
261,13,7760
261,14,8702
261,15,8952
261,16,9531
261,17,10422
261,18,10871
261,19,8890
261,20,7274
261,21,5970
261,22,4888
261,23,3670
262,0,2332
262,1,1123
262,2,730
262,3,682
262,4,1543
262,5,4726
262,6,13542
262,7,25836
262,8,31071
262,9,30464
262,10,27274
262,11,25025
262,12,24682
262,13,21971
262,14,20882
262,15,23288
262,16,20890
262,17,25654
262,18,25760
262,19,18449
262,20,12353
262,21,9036
262,22,6533
262,23,4419
263,0,10821
263,1,6803
263,2,4254
263,3,2833
263,4,3259
263,5,5667
263,6,12939
263,7,23764
263,8,27256
263,9,27645
263,10,26482
263,11,25835
263,12,27444
263,13,26935
263,14,28330
263,15,27969
263,16,26937
263,17,30862
263,18,33609
263,19,28990
263,20,26239
263,21,24520
263,22,21071
263,23,15294
264,0,761
264,1,456
264,2,301
264,3,208
264,4,225
264,5,322
264,6,737
264,7,1323
264,8,1502
264,9,1419
264,10,1509
264,11,1541
264,12,1619
264,13,1962
264,14,2415
264,15,2265
264,16,2166
264,17,2359
264,18,2333
264,19,1975
264,20,1838
264,21,1882
264,22,1422
264,23,1168
265,0,618
265,1,591
265,2,492
265,3,380
265,4,395
265,5,294
265,6,249
265,7,261
265,8,299
265,9,344
265,10,432
265,11,471
265,12,495
265,13,682
265,14,718
265,15,640
265,16,674
265,17,625
265,18,617
265,19,596
265,20,631
265,21,638
265,22,599
265,23,630
